PassengerId,Pclass,Sex,Age,SibSp,Parch,Fare,FamilySize,Embarked_Q,Embarked_S,Survived
332,1,1,1.253641060462344,0,0,-0.07868358202862298,-0.5546661333371993,False,True,0
734,2,1,-0.47728355411799794,0,0,-0.3771449401344324,-0.5546661333371993,False,True,0
383,3,1,0.21508629171413882,0,0,-0.4748669654497216,-0.5546661333371993,False,True,0
705,3,1,-0.2464936055072857,1,0,-0.476230259911263,0.04009634698823131,False,True,0
814,3,0,-1.785093262912034,4,2,-0.02524937114193778,3.013908748615384,False,True,0
119,1,1,-0.40035357124776055,0,1,4.138687090321111,0.04009634698823131,False,False,0
537,1,1,1.2151760690272253,0,0,-0.11623194643548287,-0.5546661333371993,False,True,0
362,2,1,-0.015703656896573447,1,0,-0.09368752333417438,0.04009634698823131,False,False,0
30,3,1,-0.09263363976681087,0,0,-0.47542922813724997,-0.5546661333371993,False,True,0
56,1,1,-0.09263363976681087,0,0,0.056105418406258684,-0.5546661333371993,False,True,1
866,2,0,0.984386120416513,0,0,-0.3771449401344324,-0.5546661333371993,False,True,1
596,3,1,0.5228062231950885,1,1,-0.16244531801315662,0.6348588273136619,False,True,0
240,2,1,0.29201627458437623,0,0,-0.39110522946518805,-0.5546661333371993,False,True,0
722,3,1,-0.9388634513394225,1,0,-0.4916347171038209,0.04009634698823131,False,True,0
82,3,1,-0.015703656896573447,0,0,-0.44453944035187326,-0.5546661333371993,False,True,1
260,2,0,1.5998259833784123,0,1,-0.12682251075536644,0.04009634698823131,False,True,1
487,1,0,0.44587624032485107,1,0,1.105534064649266,0.04009634698823131,False,True,1
717,1,0,0.6766661889355633,0,0,3.7536565339074235,-0.5546661333371993,False,False,1
801,2,1,0.3689462574546136,0,0,-0.3771449401344324,-0.5546661333371993,False,True,0
782,1,0,-0.9388634513394225,1,0,0.4701002054562524,0.04009634698823131,False,True,1
543,3,0,-1.400443348560847,4,2,-0.02524937114193778,3.013908748615384,False,True,0
327,3,1,2.446055794951024,0,0,-0.5073607423402734,-0.5546661333371993,False,True,0
535,3,0,0.061226325973663974,0,0,-0.4606659814753323,-0.5546661333371993,False,True,0
536,2,0,-1.7081632800417965,0,2,-0.1220086178826921,0.6348588273136619,False,True,1
484,3,0,2.599915760691499,0,0,-0.4428545778464372,-0.5546661333371993,False,True,1
763,3,1,-0.7080735027287102,0,0,-0.4882649920929489,-0.5546661333371993,False,False,1
534,3,0,-0.09263363976681087,0,2,-0.1969455254530391,0.6348588273136619,False,False,1
714,3,1,-0.015703656896573447,0,0,-0.44486100839576787,-0.5546661333371993,False,True,0
391,1,1,0.5228062231950885,1,2,1.6832012093701876,1.2296213076390925,False,True,1
496,3,1,-0.09263363976681087,0,0,-0.3490645402295484,-0.5546661333371993,False,False,0
483,3,1,1.5998259833784123,0,0,-0.4724600190133844,-0.5546661333371993,False,True,0
378,1,1,-0.16956362263704827,0,2,3.445086000768998,0.6348588273136619,False,False,0
366,3,1,0.061226325973663974,0,0,-0.48786447620594237,-0.5546661333371993,False,True,0
413,1,0,0.29201627458437623,1,0,1.105534064649266,0.04009634698823131,True,False,1
469,3,1,-0.09263363976681087,0,0,-0.47871807974786107,-0.5546661333371993,True,False,0
410,3,0,-0.09263363976681087,3,1,-0.13709150703135536,1.824383787964523,False,True,0
8,3,1,-2.0928131943929835,3,1,-0.22165620034705105,1.824383787964523,False,True,0
581,2,0,-0.3234235883775231,1,1,-0.04980022479257691,0.6348588273136619,False,True,1
156,1,1,1.6767559662486498,0,1,0.5544242041283143,0.04009634698823131,False,False,0
881,2,0,-0.3234235883775231,0,1,-0.12682251075536644,0.04009634698823131,False,True,1
426,3,1,-0.09263363976681087,0,0,-0.48786447620594237,-0.5546661333371993,False,True,0
102,3,1,-0.09263363976681087,0,0,-0.47542922813724997,-0.5546661333371993,False,True,0
200,2,0,-0.40035357124776055,0,0,-0.3771449401344324,-0.5546661333371993,False,True,0
425,3,1,-0.8619334684691851,1,1,-0.23826413075777755,0.6348588273136619,False,True,0
299,1,1,-0.09263363976681087,0,0,-0.040172439047228226,-0.5546661333371993,False,True,1
885,3,1,-0.3234235883775231,0,0,-0.4917155905040818,-0.5546661333371993,False,True,0
248,2,0,-0.40035357124776055,0,2,-0.3482615828983863,0.6348588273136619,False,True,1
479,3,1,-0.5542135369882354,0,0,-0.4826500674462615,-0.5546661333371993,False,True,0
306,1,1,-2.17589757589284,1,2,2.2907144899016902,1.2296213076390925,False,True,1
317,2,0,-0.40035357124776055,1,0,-0.12682251075536644,0.04009634698823131,False,True,1
3,3,0,-0.2464936055072857,0,0,-0.4748669654497216,-0.5546661333371993,False,True,1
406,2,1,0.3689462574546136,1,0,-0.22310036820885334,0.04009634698823131,False,True,0
743,1,0,-0.6311435198584728,2,2,4.4247132003582275,1.824383787964523,False,False,1
261,3,1,-0.09263363976681087,0,0,-0.47823669046059364,-0.5546661333371993,True,False,0
368,3,0,-0.09263363976681087,0,0,-0.4882649920929489,-0.5546661333371993,False,False,1
159,3,1,-0.09263363976681087,0,0,-0.4606659814753323,-0.5546661333371993,False,True,0
555,3,0,-0.5542135369882354,0,0,-0.47775530117332626,-0.5546661333371993,False,True,1
830,1,0,2.5229857778212614,0,0,0.9129783497422922,-0.5546661333371993,False,True,1
678,3,0,-0.8619334684691851,0,0,-0.43795981157350194,-0.5546661333371993,False,True,1
381,1,0,0.984386120416513,0,0,3.7536565339074235,-0.5546661333371993,False,False,1
627,2,1,2.138335863470074,0,0,-0.38966106160338565,-0.5546661333371993,True,False,0
303,3,1,-0.7850034855989476,0,0,-0.6274673695134984,-0.5546661333371993,False,True,0
433,2,0,0.984386120416513,1,0,-0.12682251075536644,0.04009634698823131,False,True,1
523,3,1,-0.09263363976681087,0,0,-0.48834586549320974,-0.5546661333371993,False,False,0
405,3,0,-0.7080735027287102,0,0,-0.4606659814753323,-0.5546661333371993,False,True,0
844,3,1,0.40741124888973235,0,0,-0.503509628042134,-0.5546661333371993,False,False,0
356,3,1,-0.09263363976681087,0,0,-0.44453944035187326,-0.5546661333371993,False,True,0
465,3,1,-0.09263363976681087,0,0,-0.4724600190133844,-0.5546661333371993,False,True,0
754,3,1,-0.47728355411799794,0,0,-0.47542922813724997,-0.5546661333371993,False,True,0
213,3,1,-0.5542135369882354,0,0,-0.48786447620594237,-0.5546661333371993,False,True,0
450,1,1,1.7536859491188872,0,0,-0.040172439047228226,-0.5546661333371993,False,True,1
80,3,0,0.061226325973663974,0,0,-0.3872541151670485,-0.5546661333371993,False,True,1
149,2,1,0.5612712146302072,0,2,-0.12682251075536644,0.6348588273136619,False,True,0
429,3,1,-0.09263363976681087,0,0,-0.47823669046059364,-0.5546661333371993,True,False,0
61,3,1,-0.5542135369882354,0,0,-0.4882649920929489,-0.5546661333371993,False,False,0
661,1,1,1.5998259833784123,2,0,1.946039760218207,0.6348588273136619,False,True,1
805,3,1,-0.16956362263704827,0,0,-0.4931597583658841,-0.5546661333371993,False,True,1
589,3,1,-0.5542135369882354,0,0,-0.4724600190133844,-0.5546661333371993,False,True,0
766,1,0,1.6767559662486498,1,0,0.8736642494297352,0.04009634698823131,False,True,1
266,2,1,0.5228062231950885,0,0,-0.42528386886117586,-0.5546661333371993,False,True,0
134,2,0,-0.015703656896573447,1,0,-0.12682251075536644,0.04009634698823131,False,True,1
709,1,0,-0.5542135369882354,0,0,2.2907144899016902,-0.5546661333371993,False,True,1
545,1,1,1.5998259833784123,1,0,1.4218068263839703,0.04009634698823131,False,False,0
347,2,0,0.8305261546760382,0,0,-0.3771449401344324,-0.5546661333371993,False,True,1
822,3,1,-0.16956362263704827,0,0,-0.4606659814753323,-0.5546661333371993,False,True,1
634,1,1,-0.09263363976681087,0,0,-0.6274673695134984,-0.5546661333371993,False,True,0
457,1,1,2.7537757264319738,0,0,-0.11623194643548287,-0.5546661333371993,False,True,0
501,3,1,-0.9388634513394225,0,0,-0.4606659814753323,-0.5546661333371993,False,True,0
431,1,1,-0.09263363976681087,0,0,-0.11623194643548287,-0.5546661333371993,False,True,1
446,1,1,-1.9389532286525089,0,2,0.9487609782434552,0.6348588273136619,False,True,1
651,3,1,-0.09263363976681087,0,0,-0.47542922813724997,-0.5546661333371993,False,True,0
173,3,0,-2.169743177263221,1,1,-0.41308931543611727,0.6348588273136619,False,True,1
451,2,1,0.5228062231950885,1,2,-0.09312526064664603,1.2296213076390925,False,True,0
315,2,1,1.0613161032867504,1,1,-0.1220086178826921,0.6348588273136619,False,True,0
333,1,1,0.6766661889355633,0,1,2.3275407703776487,0.04009634698823131,False,True,0
802,2,0,0.1381563088439014,1,1,-0.1220086178826921,0.6348588273136619,False,True,1
91,3,1,-0.015703656896573447,0,0,-0.4724600190133844,-0.5546661333371993,False,True,0
835,3,1,-0.8619334684691851,0,0,-0.4676461261407101,-0.5546661333371993,False,True,0
182,2,1,-0.09263363976681087,0,0,-0.33767101857850274,-0.5546661333371993,False,False,0
582,1,0,0.7535961718058007,1,1,1.5076539407609466,0.6348588273136619,False,False,1
796,2,1,0.7535961718058007,0,0,-0.3771449401344324,-0.5546661333371993,False,True,0
70,3,1,-0.2464936055072857,2,0,-0.4606659814753323,0.6348588273136619,False,True,0
132,3,1,-0.7080735027287102,0,0,-0.4917155905040818,-0.5546661333371993,False,True,0
335,1,0,-0.09263363976681087,1,0,1.946039760218207,0.04009634698823131,False,True,1
598,3,1,1.5228960005081749,0,0,-0.6274673695134984,-0.5546661333371993,False,True,0
136,2,1,-0.47728355411799794,0,0,-0.3377518919787637,-0.5546661333371993,False,False,0
165,3,1,-2.169743177263221,4,1,0.13673812402355398,2.4191462682899534,False,True,0
29,3,0,-0.09263363976681087,0,0,-0.47574887062399557,-0.5546661333371993,True,False,1
784,3,1,-0.09263363976681087,1,2,-0.17592421805664477,1.2296213076390925,False,True,0
194,2,1,-2.015883211522746,1,1,-0.12682251075536644,0.6348588273136619,False,True,1
870,3,1,-1.9389532286525089,1,1,-0.41308931543611727,0.6348588273136619,False,True,1
716,3,1,-0.7850034855989476,0,0,-0.4801622476096634,-0.5546661333371993,False,True,0
526,3,1,0.8689911461111568,0,0,-0.47823669046059364,-0.5546661333371993,True,False,0
382,3,0,-2.169743177263221,0,2,-0.3243519397783874,0.6348588273136619,False,False,1
141,3,0,-0.09263363976681087,0,2,-0.33390077768062426,0.6348588273136619,False,False,0
174,3,1,-0.6311435198584728,0,0,-0.4748669654497216,-0.5546661333371993,False,True,0
7,1,1,1.907545914859362,0,0,0.37117470692279453,-0.5546661333371993,False,True,0
719,3,1,-0.09263363976681087,0,0,-0.3290060114076889,-0.5546661333371993,True,False,0
686,2,1,-0.3234235883775231,1,2,0.1731638886125062,1.2296213076390925,False,False,0
74,3,1,-0.2464936055072857,1,0,-0.34914348807266027,0.04009634698823131,False,False,0
883,3,0,-0.5542135369882354,0,0,-0.4249623008172812,-0.5546661333371993,False,True,0
329,3,0,0.1381563088439014,1,1,-0.23224676466693464,0.6348588273136619,False,True,1
454,1,1,1.5228960005081749,1,0,1.0882849237078993,0.04009634698823131,False,False,1
146,2,1,-0.7850034855989476,1,1,0.08017488276963042,0.6348588273136619,False,True,0
235,2,1,-0.40035357124776055,0,0,-0.42528386886117586,-0.5546661333371993,False,True,0
221,3,1,-1.01579343420966,0,0,-0.4724600190133844,-0.5546661333371993,False,True,1
371,1,1,-0.3234235883775231,1,0,0.4400942484022986,0.04009634698823131,False,False,1
812,3,1,0.7535961718058007,0,0,-0.16244531801315662,-0.5546661333371993,False,True,0
133,3,0,1.3690360347677,1,0,-0.3482615828983863,0.04009634698823131,False,True,0
695,1,1,2.3691258120807865,0,0,-0.11623194643548287,-0.5546661333371993,False,True,0
865,2,1,-0.40035357124776055,0,0,-0.3771449401344324,-0.5546661333371993,False,True,0
186,1,1,-0.09263363976681087,0,0,0.33531120502137074,-0.5546661333371993,False,True,0
42,2,0,-0.16956362263704827,1,0,-0.22310036820885334,0.04009634698823131,False,True,0
548,2,1,-0.09263363976681087,0,0,-0.3605370097237059,-0.5546661333371993,False,False,1
109,3,1,0.6766661889355633,0,0,-0.47542922813724997,-0.5546661333371993,False,True,0
604,3,1,1.1382460861569879,0,0,-0.4724600190133844,-0.5546661333371993,False,True,0
57,2,0,-0.6311435198584728,0,0,-0.42528386886117586,-0.5546661333371993,False,True,1
395,3,0,-0.40035357124776055,0,2,-0.3058993256188521,0.6348588273136619,False,True,1
707,2,0,1.2151760690272253,0,0,-0.3675171543890837,-0.5546661333371993,False,True,1
550,2,1,-1.6312332971715593,1,1,0.08017488276963042,0.6348588273136619,False,True,1
25,3,0,-1.6312332971715593,3,1,-0.22165620034705105,1.824383787964523,False,True,0
352,1,1,-0.09263363976681087,0,0,0.04647763266091,-0.5546661333371993,False,True,0
430,3,1,0.21508629171413882,0,0,-0.4724600190133844,-0.5546661333371993,False,True,1
435,1,1,1.5998259833784123,1,0,0.44891907681648524,0.04009634698823131,False,True,0
52,3,1,-0.6311435198584728,0,0,-0.4772739118860588,-0.5546661333371993,False,True,0
527,2,0,1.5998259833784123,0,0,-0.42528386886117586,-0.5546661333371993,False,True,1
817,3,0,-0.47728355411799794,0,0,-0.4748669654497216,-0.5546661333371993,False,True,0
570,3,1,0.21508629171413882,0,0,-0.476230259911263,-0.5546661333371993,False,True,1
265,3,0,-0.09263363976681087,0,0,-0.47823669046059364,-0.5546661333371993,True,False,0
437,3,0,-0.6311435198584728,2,2,0.03444290047922413,1.824383787964523,False,True,0
614,3,1,-0.09263363976681087,0,0,-0.47823669046059364,-0.5546661333371993,True,False,0
694,3,1,-0.3234235883775231,0,0,-0.48834586549320974,-0.5546661333371993,False,False,0
353,3,1,-1.0927234170798972,1,1,-0.4882649920929489,0.6348588273136619,False,False,0
19,3,0,0.1381563088439014,1,0,-0.2808670826809455,0.04009634698823131,False,True,0
667,2,1,-0.3234235883775231,0,0,-0.3771449401344324,-0.5546661333371993,False,True,0
583,2,1,1.907545914859362,0,0,-0.12682251075536644,-0.5546661333371993,False,True,0
84,1,1,-0.09263363976681087,0,0,0.2794700476983483,-0.5546661333371993,False,True,0
62,1,0,0.6766661889355633,0,0,0.9129783497422922,-0.5546661333371993,False,True,1
273,2,0,0.9074561375462755,0,1,-0.25198372544489944,0.04009634698823131,False,True,1
286,3,1,0.29201627458437623,0,0,-0.4606659814753323,-0.5546661333371993,False,False,0
696,2,1,1.7536859491188872,0,0,-0.3675171543890837,-0.5546661333371993,False,True,0
747,3,1,-1.01579343420966,1,1,-0.23754204682687638,0.6348588273136619,False,True,0
13,3,1,-0.7080735027287102,0,0,-0.4724600190133844,-0.5546661333371993,False,True,0
183,3,1,-1.5543033143013218,4,2,-0.02308311934923431,3.013908748615384,False,True,0
445,3,1,-0.09263363976681087,0,0,-0.47125654579521586,-0.5546661333371993,False,True,1
553,3,1,-0.09263363976681087,0,0,-0.47671164919853043,-0.5546661333371993,True,False,0
224,3,1,-0.09263363976681087,0,0,-0.47542922813724997,-0.5546661333371993,False,True,0
514,1,0,1.907545914859362,1,0,0.5163135770339261,0.04009634698823131,False,False,1
629,3,1,-0.2464936055072857,0,0,-0.47542922813724997,-0.5546661333371993,False,True,0
588,1,1,2.3691258120807865,1,1,0.8975738925497343,0.6348588273136619,False,False,1
693,3,1,-0.09263363976681087,0,0,0.46039154631064283,-0.5546661333371993,False,True,1
524,1,0,1.1382460861569879,0,1,0.48895526105994325,0.04009634698823131,False,False,1
665,3,1,-0.7080735027287102,1,0,-0.4748669654497216,0.04009634698823131,False,True,1
177,3,1,-0.09263363976681087,3,1,-0.13709150703135536,1.824383787964523,False,True,0
842,2,1,-1.01579343420966,0,0,-0.42528386886117586,-0.5546661333371993,False,True,0
679,3,0,1.0613161032867504,1,6,0.2756189334002088,3.6086712289408145,False,True,0
164,3,1,-0.9388634513394225,0,0,-0.4606659814753323,-0.5546661333371993,False,True,0
249,1,1,0.5997362060653258,1,1,0.38449378572291,0.6348588273136619,False,True,1
571,2,1,2.5229857778212614,0,0,-0.42528386886117586,-0.5546661333371993,False,True,1
788,3,1,-1.6312332971715593,4,1,-0.06664884984693713,2.4191462682899534,True,False,0
75,3,1,0.21508629171413882,0,0,0.46039154631064283,-0.5546661333371993,False,True,1
114,3,0,-0.7080735027287102,1,0,-0.4382813796173966,0.04009634698823131,False,True,0
636,2,0,-0.09263363976681087,0,0,-0.3771449401344324,-0.5546661333371993,False,True,1
502,3,0,-0.6311435198584728,0,0,-0.47823669046059364,-0.5546661333371993,True,False,0
105,3,1,0.5997362060653258,2,0,-0.4748669654497216,0.6348588273136619,False,True,0
115,3,0,-0.9388634513394225,0,0,-0.3490645402295484,-0.5546661333371993,False,False,0
369,3,0,-0.09263363976681087,0,0,-0.47823669046059364,-0.5546661333371993,True,False,1
93,1,1,1.2921060518974627,1,0,0.5504922164299139,0.04009634698823131,False,True,0
498,3,1,-0.09263363976681087,0,0,-0.3367082400039679,-0.5546661333371993,False,True,0
90,3,1,-0.40035357124776055,0,0,-0.4724600190133844,-0.5546661333371993,False,True,0
337,1,1,-0.015703656896573447,1,0,0.6549536917669472,0.04009634698823131,False,True,0
880,1,0,2.0614058805998368,0,1,0.9737932211813617,0.04009634698823131,False,False,1
818,2,1,0.1381563088439014,1,1,0.08506964904256564,0.6348588273136619,False,False,0
829,3,1,-0.09263363976681087,0,0,-0.47823669046059364,-0.5546661333371993,True,False,1
544,2,1,0.21508629171413882,1,0,-0.12682251075536644,0.04009634698823131,False,True,1
549,3,1,0.29201627458437623,1,1,-0.23224676466693464,0.6348588273136619,False,True,0
95,3,1,2.292195829210549,0,0,-0.48786447620594237,-0.5546661333371993,False,True,0
12,1,0,2.2152658463403117,0,0,-0.11623194643548287,-0.5546661333371993,False,True,1
432,3,0,-0.09263363976681087,1,0,-0.3174526685132705,0.04009634698823131,False,True,1
44,2,0,-2.015883211522746,1,2,0.1731638886125062,1.2296213076390925,False,False,1
43,3,1,-0.09263363976681087,0,0,-0.47542922813724997,-0.5546661333371993,False,False,0
330,1,0,-1.01579343420966,0,1,0.48895526105994325,0.04009634698823131,False,False,1
168,3,0,1.2151760690272253,1,4,-0.09023692492304144,2.4191462682899534,False,True,0
780,1,0,1.0613161032867504,0,1,3.4419569704017596,0.04009634698823131,False,True,1
538,1,0,0.061226325973663974,0,0,1.4218068263839703,-0.5546661333371993,False,False,1
736,3,1,-0.05416864833169215,0,0,-0.3174526685132705,-0.5546661333371993,False,True,0
500,3,1,-0.40035357124776055,0,0,-0.47735478528631975,-0.5546661333371993,False,True,0
179,2,1,0.061226325973663974,0,0,-0.3771449401344324,-0.5546661333371993,False,True,0
584,1,1,0.5228062231950885,0,0,0.14516243655073408,-0.5546661333371993,False,False,0
785,3,1,-0.3234235883775231,0,0,-0.4917155905040818,-0.5546661333371993,False,True,0
594,3,0,-0.09263363976681087,0,2,-0.47823669046059364,0.6348588273136619,True,False,0
178,1,0,1.5998259833784123,0,0,-0.07459177308684982,-0.5546661333371993,False,False,0
645,3,0,-2.1889756729807806,2,1,-0.25663779707420104,1.2296213076390925,False,False,1
711,1,0,-0.40035357124776055,0,0,0.32576429267628293,-0.5546661333371993,False,False,1
616,2,0,-0.40035357124776055,1,2,0.6241447773818315,1.2296213076390925,False,True,1
384,1,0,0.44587624032485107,1,0,0.3738223480027655,0.04009634698823131,False,True,1
258,1,0,0.061226325973663974,0,0,1.0381395644318252,-0.5546661333371993,False,True,1
735,2,1,-0.47728355411799794,0,0,-0.3771449401344324,-0.5546661333371993,False,True,0
336,3,1,-0.09263363976681087,0,0,-0.47542922813724997,-0.5546661333371993,False,True,0
552,2,1,-0.16956362263704827,0,0,-0.12682251075536644,-0.5546661333371993,False,True,0
16,2,0,1.9844758977295993,0,0,-0.31937822566234025,-0.5546661333371993,False,True,1
4,1,0,0.44587624032485107,1,0,0.39500347664253266,0.04009634698823131,False,True,1
412,3,1,-0.09263363976681087,0,0,-0.49540688355884854,-0.5546661333371993,True,False,0
257,1,0,-0.09263363976681087,0,0,0.8975738925497343,-0.5546661333371993,False,False,1
452,3,1,-0.09263363976681087,1,0,-0.24299715023019097,0.04009634698823131,False,True,0
474,2,0,-0.47728355411799794,0,0,-0.3619003041852473,-0.5546661333371993,False,False,1
698,3,0,-0.09263363976681087,0,0,-0.4785582585044883,-0.5546661333371993,True,False,1
394,1,0,-0.47728355411799794,1,0,1.5537074910952478,0.04009634698823131,False,False,1
223,3,1,1.6767559662486498,0,0,-0.4724600190133844,-0.5546661333371993,False,True,0
507,2,0,0.29201627458437623,0,2,-0.12682251075536644,0.6348588273136619,False,True,1
568,3,0,-0.015703656896573447,0,4,-0.22165620034705105,1.824383787964523,False,True,0
421,3,1,-0.09263363976681087,0,0,-0.47542922813724997,-0.5546661333371993,False,False,0
325,3,1,-0.09263363976681087,8,2,0.7117576276645045,5.392958669917107,False,True,0
531,2,0,-2.0928131943929835,1,1,-0.12682251075536644,0.6348588273136619,False,True,1
10,2,0,-1.1696533999501346,1,0,-0.04843693033103557,0.04009634698823131,False,False,1
250,2,1,1.907545914859362,1,0,-0.12682251075536644,0.04009634698823131,False,True,0
23,3,0,-1.0927234170798972,0,0,-0.472860534900391,-0.5546661333371993,True,False,1
357,1,0,-0.5542135369882354,0,1,0.4315890624748576,0.04009634698823131,False,True,1
222,2,1,-0.16956362263704827,0,0,-0.3771449401344324,-0.5546661333371993,False,True,0
602,3,1,-0.09263363976681087,0,0,-0.47542922813724997,-0.5546661333371993,False,True,0
767,1,1,-0.09263363976681087,0,0,0.13505326151811797,-0.5546661333371993,False,False,0
875,2,0,-0.09263363976681087,1,0,-0.1653336537367612,0.04009634698823131,False,False,1
529,3,1,0.7535961718058007,0,0,-0.4748669654497216,-0.5546661333371993,False,True,0
341,2,1,-2.0928131943929835,1,1,-0.12682251075536644,0.6348588273136619,False,True,1
744,3,1,-0.40035357124776055,1,0,-0.3174526685132705,0.04009634698823131,False,True,0
520,3,1,0.21508629171413882,0,0,-0.47542922813724997,-0.5546661333371993,False,True,0
204,3,1,1.253641060462344,0,0,-0.48834586549320974,-0.5546661333371993,False,False,0
238,2,0,-1.6312332971715593,0,2,-0.1220086178826921,0.6348588273136619,False,True,1
94,3,1,-0.2464936055072857,1,2,-0.23128398609239975,1.2296213076390925,False,True,0
731,1,0,-0.015703656896573447,0,0,3.4419569704017596,-0.5546661333371993,False,True,1
441,2,0,1.2151760690272253,1,1,-0.1220086178826921,0.6348588273136619,False,True,1
560,3,0,0.5228062231950885,1,0,-0.29242042557536396,0.04009634698823131,False,True,1
285,1,1,-0.09263363976681087,0,0,-0.12682251075536644,-0.5546661333371993,False,True,0
185,3,0,-1.9389532286525089,0,2,-0.20336340743088857,0.6348588273136619,False,True,1
792,2,1,-1.01579343420966,0,0,-0.12682251075536644,-0.5546661333371993,False,True,0
488,1,1,2.2152658463403117,0,0,-0.05557689623978614,-0.5546661333371993,False,False,0
154,3,1,0.8689911461111568,0,2,-0.3482615828983863,0.6348588273136619,False,True,0
76,3,1,-0.3234235883775231,0,0,-0.4801622476096634,-0.5546661333371993,False,True,0
657,3,1,-0.09263363976681087,0,0,-0.47542922813724997,-0.5546661333371993,False,True,0
632,3,1,1.6767559662486498,0,0,-0.4916347171038209,-0.5546661333371993,False,True,0
278,2,1,-0.09263363976681087,0,0,-0.6274673695134984,-0.5546661333371993,False,True,0
69,3,0,-0.9388634513394225,4,2,-0.4748669654497216,3.013908748615384,False,True,1
826,3,1,-0.09263363976681087,0,0,-0.4936411476531516,-0.5546661333371993,True,False,0
189,3,1,0.8305261546760382,1,1,-0.3290060114076889,0.6348588273136619,True,False,0
272,3,1,-0.3234235883775231,0,0,-0.6274673695134984,-0.5546661333371993,False,True,1
663,1,1,1.3690360347677,0,0,-0.13476543399527913,-0.5546661333371993,False,True,0
712,1,1,-0.09263363976681087,0,0,-0.11623194643548287,-0.5546661333371993,False,True,0
237,2,1,1.1382460861569879,1,0,-0.12682251075536644,0.04009634698823131,False,True,0
89,1,0,-0.47728355411799794,3,2,4.436747932539913,2.4191462682899534,False,True,1
758,2,1,-0.8619334684691851,0,0,-0.40602829737047846,-0.5546661333371993,False,True,0
118,2,1,-0.015703656896573447,1,0,-0.22310036820885334,0.04009634698823131,False,True,0
126,3,1,-1.3235133656906095,1,0,-0.4110020114865256,0.04009634698823131,False,False,1
732,3,1,-1.400443348560847,0,0,-0.2657033201320213,-0.5546661333371993,False,False,0
290,3,0,-0.5542135369882354,0,0,-0.47823669046059364,-0.5546661333371993,True,False,1
239,2,1,-0.7850034855989476,0,0,-0.42528386886117586,-0.5546661333371993,False,True,0
1,3,1,-0.5542135369882354,1,0,-0.48786447620594237,0.04009634698823131,False,True,0
882,3,1,0.29201627458437623,0,0,-0.47542922813724997,-0.5546661333371993,False,True,0
468,1,1,2.0614058805998368,0,0,-0.11623194643548287,-0.5546661333371993,False,True,0
828,2,1,-2.169743177263221,0,2,0.08506964904256564,0.6348588273136619,False,False,1
396,3,1,-0.5542135369882354,0,0,-0.47735478528631975,-0.5546661333371993,False,True,0
532,3,1,-0.09263363976681087,0,0,-0.4882649920929489,-0.5546661333371993,False,False,0
127,3,1,-0.09263363976681087,0,0,-0.47823669046059364,-0.5546661333371993,True,False,0
279,3,1,-1.7081632800417965,4,1,-0.06664884984693713,2.4191462682899534,True,False,0
692,3,0,-1.9389532286525089,0,1,-0.36912114349425884,0.04009634698823131,False,False,1
117,3,1,3.1768906322182797,0,0,-0.47823669046059364,-0.5546661333371993,True,False,0
229,2,1,-0.8619334684691851,0,0,-0.3771449401344324,-0.5546661333371993,False,True,0
623,3,1,-0.7080735027287102,1,1,-0.3243519397783874,0.6348588273136619,False,False,1
656,2,1,-0.40035357124776055,2,0,0.7878171350527592,0.6348588273136619,False,True,0
599,3,1,-0.09263363976681087,0,0,-0.48834586549320974,-0.5546661333371993,False,False,0
517,2,0,0.3689462574546136,0,0,-0.42528386886117586,-0.5546661333371993,False,True,1
275,3,0,-0.09263363976681087,0,0,-0.47823669046059364,-0.5546661333371993,True,False,1
319,1,0,0.1381563088439014,0,2,2.54713515877186,0.6348588273136619,False,True,1
607,3,1,0.061226325973663974,0,0,-0.47542922813724997,-0.5546661333371993,False,True,0
145,2,1,-0.8619334684691851,0,0,-0.40602829737047846,-0.5546661333371993,False,True,0
635,3,0,-1.5543033143013218,3,2,-0.09023692492304144,2.4191462682899534,False,True,0
559,1,0,0.7535961718058007,1,1,0.9062388997205482,0.6348588273136619,False,True,1
810,1,0,0.29201627458437623,1,0,0.39500347664253266,0.04009634698823131,False,True,1
746,1,1,3.138425640783161,1,1,0.7396782063260158,0.6348588273136619,False,True,0
370,1,0,-0.40035357124776055,0,0,0.7069437347918301,-0.5546661333371993,False,False,1
269,1,0,2.2152658463403117,0,1,2.3275407703776487,0.04009634698823131,False,True,1
624,3,1,-0.6311435198584728,0,0,-0.476230259911263,-0.5546661333371993,False,True,0
308,1,0,-0.9388634513394225,1,0,1.4694643658234467,0.04009634698823131,False,False,1
424,3,0,-0.09263363976681087,1,1,-0.3501871400474561,0.6348588273136619,False,True,0
311,1,0,-0.40035357124776055,0,0,0.9737932211813617,-0.5546661333371993,False,False,1
355,3,1,-0.09263363976681087,0,0,-0.48834586549320974,-0.5546661333371993,False,False,0
47,3,1,-0.09263363976681087,1,0,-0.3290060114076889,0.04009634698823131,True,False,0
350,3,1,0.984386120416513,0,0,-0.4606659814753323,-0.5546661333371993,False,True,0
372,3,1,-0.8619334684691851,1,0,-0.5023870282242263,0.04009634698823131,False,True,0
480,3,0,-2.0928131943929835,0,1,-0.39086453482155425,0.04009634698823131,False,True,1
577,2,0,0.3689462574546136,0,0,-0.3771449401344324,-0.5546661333371993,False,True,1
262,3,1,-2.015883211522746,4,2,-0.02308311934923431,3.013908748615384,False,True,1
196,1,0,2.2152658463403117,0,0,2.193874369760675,-0.5546661333371993,False,False,1
891,3,1,0.21508629171413882,0,0,-0.47823669046059364,-0.5546661333371993,True,False,0
745,3,1,0.1381563088439014,0,0,-0.4748669654497216,-0.5546661333371993,False,True,1
108,3,1,-0.09263363976681087,0,0,-0.47775530117332626,-0.5546661333371993,False,True,1
867,2,0,-0.16956362263704827,1,0,-0.36061788312396686,0.04009634698823131,False,False,1
60,3,1,-1.400443348560847,5,2,0.2756189334002088,3.6086712289408145,False,True,0
659,2,1,-0.47728355411799794,0,0,-0.3771449401344324,-0.5546661333371993,False,True,0
264,1,1,0.8305261546760382,0,0,-0.6274673695134984,-0.5546661333371993,False,True,0
569,3,1,-0.09263363976681087,0,0,-0.4882649920929489,-0.5546661333371993,False,False,0
101,3,0,-0.09263363976681087,0,0,-0.47542922813724997,-0.5546661333371993,False,True,0
444,2,0,-0.09263363976681087,0,0,-0.3771449401344324,-0.5546661333371993,False,True,1
491,3,1,-0.09263363976681087,1,0,-0.24299715023019097,0.04009634698823131,False,True,0
688,3,1,-0.7850034855989476,0,0,-0.43162280299591343,-0.5546661333371993,False,True,0
800,3,0,0.061226325973663974,1,1,-0.16244531801315662,0.6348588273136619,False,True,0
641,3,1,-0.7080735027287102,0,0,-0.476230259911263,-0.5546661333371993,False,True,0
170,3,1,-0.09263363976681087,0,0,0.46039154631064283,-0.5546661333371993,False,True,0
180,3,1,0.5228062231950885,0,0,-0.6274673695134984,-0.5546661333371993,False,True,0
305,3,1,-0.09263363976681087,0,0,-0.4724600190133844,-0.5546661333371993,False,True,0
342,1,0,-0.40035357124776055,3,2,4.436747932539913,2.4191462682899534,False,True,1
58,3,1,-0.05416864833169215,0,0,-0.4882649920929489,-0.5546661333371993,False,False,0
859,3,0,-0.40035357124776055,0,3,-0.25663779707420104,1.2296213076390925,False,False,1
150,2,1,0.984386120416513,0,0,-0.3771449401344324,-0.5546661333371993,False,True,0
125,1,1,1.907545914859362,0,1,0.8607476120737754,0.04009634698823131,False,True,0
704,3,1,-0.3234235883775231,0,0,-0.4783965117039664,-0.5546661333371993,True,False,0
51,3,1,-1.7081632800417965,4,1,0.13673812402355398,2.4191462682899534,False,True,0
354,3,1,-0.3234235883775231,1,0,-0.28471819697908496,0.04009634698823131,False,True,0
824,3,0,-0.16956362263704827,0,1,-0.3872541151670485,0.04009634698823131,False,True,1
143,3,0,-0.40035357124776055,1,0,-0.32226656138594484,0.04009634698823131,False,True,1
471,3,1,-0.09263363976681087,0,0,-0.48786447620594237,-0.5546661333371993,False,True,0
400,2,0,-0.09263363976681087,0,0,-0.38388439015617654,-0.5546661333371993,False,True,1
576,3,1,-0.7850034855989476,0,0,-0.3482615828983863,-0.5546661333371993,False,True,0
321,3,1,-0.5542135369882354,0,0,-0.48786447620594237,-0.5546661333371993,False,True,0
20,3,0,-0.09263363976681087,0,0,-0.48834586549320974,-0.5546661333371993,False,False,1
793,3,0,-0.09263363976681087,8,2,0.7117576276645045,5.392958669917107,False,True,0
708,1,1,0.984386120416513,0,0,-0.12128653395179091,-0.5546661333371993,False,True,1
724,2,1,1.5998259833784123,0,0,-0.3771449401344324,-0.5546661333371993,False,True,0
408,2,1,-2.015883211522746,1,1,-0.2664254040629225,0.6348588273136619,False,True,1
558,1,1,-0.09263363976681087,0,0,3.7536565339074235,-0.5546661333371993,False,False,0
39,3,0,-0.8619334684691851,2,0,-0.2808670826809455,0.6348588273136619,False,True,0
176,3,1,-0.8619334684691851,1,1,-0.476230259911263,0.6348588273136619,False,True,0
246,1,1,1.1382460861569879,2,0,1.105534064649266,0.6348588273136619,True,False,0
741,1,1,-0.09263363976681087,0,0,-0.04980022479257691,-0.5546661333371993,False,True,1
603,1,1,-0.09263363976681087,0,0,0.18896886169207058,-0.5546661333371993,False,True,0
769,3,1,-0.09263363976681087,1,0,-0.16244531801315662,0.04009634698823131,True,False,0
765,3,1,-1.01579343420966,0,0,-0.47775530117332626,-0.5546661333371993,False,True,0
155,3,1,-0.09263363976681087,0,0,-0.48666100298777376,-0.5546661333371993,False,True,0
288,3,1,-0.5542135369882354,0,0,-0.47542922813724997,-0.5546661333371993,False,True,0
751,2,0,-1.9389532286525089,1,1,-0.18458922522745858,0.6348588273136619,False,True,1
18,2,1,-0.09263363976681087,0,0,-0.3771449401344324,-0.5546661333371993,False,True,1
128,3,1,-0.40035357124776055,0,0,-0.48994985459838486,-0.5546661333371993,False,True,1
323,2,0,0.061226325973663974,0,0,-0.38966106160338565,-0.5546661333371993,True,False,1
256,3,0,-0.015703656896573447,0,2,-0.33390077768062426,0.6348588273136619,False,False,1
771,3,1,-0.40035357124776055,0,0,-0.44453944035187326,-0.5546661333371993,False,True,0
857,1,0,1.2151760690272253,1,1,2.54713515877186,0.6348588273136619,False,True,1
191,2,0,0.21508629171413882,0,0,-0.3771449401344324,-0.5546661333371993,False,True,1
116,3,1,-0.6311435198584728,0,0,-0.4748669654497216,-0.5546661333371993,False,True,0
738,1,1,0.44587624032485107,0,0,9.2377241678583,-0.5546661333371993,False,False,1
181,3,0,-0.09263363976681087,8,2,0.7117576276645045,5.392958669917107,False,True,0
302,3,1,-0.09263363976681087,2,0,-0.17977533235478424,0.6348588273136619,True,False,1
680,1,1,0.5228062231950885,0,1,9.2377241678583,0.04009634698823131,False,False,1
639,3,0,0.9074561375462755,0,5,0.13673812402355398,2.4191462682899534,False,True,0
650,3,0,-0.47728355411799794,0,0,-0.48208780475873314,-0.5546661333371993,False,True,1
617,3,1,0.3689462574546136,1,1,-0.3501871400474561,0.6348588273136619,False,True,0
597,2,0,-0.09263363976681087,0,0,0.007966489679515232,-0.5546661333371993,False,True,1
518,3,1,-0.09263363976681087,0,0,-0.16244531801315662,-0.5546661333371993,True,False,0
876,3,0,-1.0927234170798972,0,0,-0.48834586549320974,-0.5546661333371993,False,False,1
46,3,1,-0.09263363976681087,0,0,-0.4724600190133844,-0.5546661333371993,False,True,0
808,3,0,-0.8619334684691851,0,0,-0.47775530117332626,-0.5546661333371993,False,True,0
158,3,1,0.061226325973663974,0,0,-0.4724600190133844,-0.5546661333371993,False,True,0
666,2,1,0.21508629171413882,2,0,0.7878171350527592,0.6348588273136619,False,True,0
172,3,1,-1.9389532286525089,4,1,-0.06664884984693713,2.4191462682899534,True,False,0
17,3,1,-2.0928131943929835,4,1,-0.06664884984693713,2.4191462682899534,True,False,0
512,3,1,-0.09263363976681087,0,0,-0.4724600190133844,-0.5546661333371993,False,True,0
49,3,1,-0.09263363976681087,2,0,-0.21002198405237166,0.6348588273136619,False,False,0
863,1,0,1.4459660176379374,0,0,-0.12818580521690778,-0.5546661333371993,False,True,1
750,3,1,0.1381563088439014,0,0,-0.47823669046059364,-0.5546661333371993,True,False,0
516,1,1,1.3690360347677,0,0,0.027622577057219145,-0.5546661333371993,False,True,0
618,3,0,-0.2464936055072857,1,0,-0.3174526685132705,0.04009634698823131,False,True,0
481,3,1,-1.5543033143013218,5,2,0.2756189334002088,3.6086712289408145,False,True,0
284,3,1,-0.7850034855989476,0,0,-0.4724600190133844,-0.5546661333371993,False,True,1
590,3,1,-0.09263363976681087,0,0,-0.4724600190133844,-0.5546661333371993,False,True,0
226,3,1,-0.5542135369882354,0,0,-0.44742777607547785,-0.5546661333371993,False,True,0
27,3,1,-0.09263363976681087,0,0,-0.48834586549320974,-0.5546661333371993,False,False,0
849,2,1,-0.09263363976681087,0,1,0.007966489679515232,0.04009634698823131,False,True,0
438,2,0,-0.40035357124776055,2,3,-0.2664254040629225,2.4191462682899534,False,True,1
845,3,1,-0.9388634513394225,0,0,-0.4606659814753323,-0.5546661333371993,False,True,0
365,3,1,-0.09263363976681087,1,0,-0.3290060114076889,0.04009634698823131,True,False,0
230,3,0,-0.09263363976681087,3,1,-0.13709150703135536,1.824383787964523,False,True,0
38,3,1,-0.6311435198584728,0,0,-0.4724600190133844,-0.5546661333371993,False,True,0
858,1,1,1.6767559662486498,0,0,-0.11623194643548287,-0.5546661333371993,False,True,1
375,3,0,-2.015883211522746,3,1,-0.22165620034705105,1.824383787964523,False,True,0
470,3,0,-2.1889756729807806,2,1,-0.25663779707420104,1.2296213076390925,False,False,1
860,3,1,-0.09263363976681087,0,0,-0.4882649920929489,-0.5546661333371993,False,False,0
759,3,1,0.3689462574546136,0,0,-0.4724600190133844,-0.5546661333371993,False,True,0
652,2,0,-0.8619334684691851,0,1,-0.18458922522745858,0.04009634698823131,False,True,1
195,1,0,1.1382460861569879,0,0,-0.09368752333417438,-0.5546661333371993,False,False,1
761,3,1,-0.09263363976681087,0,0,-0.3482615828983863,-0.5546661333371993,False,True,0
869,3,1,-0.09263363976681087,0,0,-0.44453944035187326,-0.5546661333371993,False,True,0
504,3,0,0.5997362060653258,0,0,-0.4428545778464372,-0.5546661333371993,False,True,0
862,2,1,-0.6311435198584728,1,0,-0.40602829737047846,0.04009634698823131,False,True,0
742,1,1,0.5228062231950885,1,0,0.89083444252799,0.04009634698823131,False,True,0
580,3,1,0.21508629171413882,0,0,-0.4748669654497216,-0.5546661333371993,False,True,1
889,3,0,-0.09263363976681087,1,2,-0.17592421805664477,1.2296213076390925,False,True,0
163,3,1,-0.2464936055072857,0,0,-0.47775530117332626,-0.5546661333371993,False,True,0
631,1,1,3.907725469485535,0,0,-0.04980022479257691,-0.5546661333371993,False,True,1
153,3,1,2.022940889164718,0,0,-0.4724600190133844,-0.5546661333371993,False,True,0
685,2,1,2.3691258120807865,1,1,0.12349991862369952,0.6348588273136619,False,True,0
630,3,1,-0.09263363976681087,0,0,-0.4785582585044883,-0.5546661333371993,True,False,0
676,3,1,-0.8619334684691851,0,0,-0.47775530117332626,-0.5546661333371993,False,True,0
112,3,0,-1.131188408515016,1,0,-0.34914348807266027,0.04009634698823131,False,False,0
227,2,1,-0.7850034855989476,0,0,-0.42528386886117586,-0.5546661333371993,False,True,1
619,2,0,-1.9389532286525089,2,1,0.12349991862369952,1.2296213076390925,False,True,1
104,3,1,0.29201627458437623,0,0,-0.4608258027187051,-0.5546661333371993,False,True,0
422,3,1,-0.6311435198584728,0,0,-0.4785582585044883,-0.5546661333371993,True,False,0
420,3,0,-1.4773733314310844,0,2,-0.16244531801315662,0.6348588273136619,False,True,0
587,2,1,1.3690360347677,0,0,-0.33863379715303765,-0.5546661333371993,False,True,0
120,3,0,-2.0928131943929835,4,2,-0.02524937114193778,3.013908748615384,False,True,0
54,2,0,-0.015703656896573447,1,0,-0.12682251075536644,0.04009634698823131,False,True,1
152,1,0,-0.5542135369882354,1,0,0.6549536917669472,0.04009634698823131,False,True,1
404,3,1,-0.09263363976681087,1,0,-0.32226656138594484,0.04009634698823131,False,True,0
840,1,1,-0.09263363976681087,0,0,-0.05557689623978614,-0.5546661333371993,False,False,1
208,3,1,-0.2464936055072857,0,0,-0.2657033201320213,-0.5546661333371993,False,False,1
753,3,1,0.29201627458437623,0,0,-0.44453944035187326,-0.5546661333371993,False,True,0
718,2,0,-0.16956362263704827,0,0,-0.42528386886117586,-0.5546661333371993,False,True,1
9,3,0,-0.16956362263704827,0,2,-0.41308931543611727,0.6348588273136619,False,True,1
723,2,1,0.3689462574546136,0,0,-0.3771449401344324,-0.5546661333371993,False,True,0
37,3,1,-0.09263363976681087,0,0,-0.4882649920929489,-0.5546661333371993,False,False,1
453,1,1,0.061226325973663974,0,0,-0.09312526064664603,-0.5546661333371993,False,False,0
254,3,1,0.061226325973663974,1,0,-0.3174526685132705,0.04009634698823131,False,True,0
304,2,0,-0.09263363976681087,0,0,-0.38966106160338565,-0.5546661333371993,True,False,1
668,3,1,-0.09263363976681087,0,0,-0.47775530117332626,-0.5546661333371993,False,True,0
572,1,0,1.8306159319891246,2,0,0.36379404637041024,0.6348588273136619,False,True,1
637,3,1,0.21508629171413882,0,0,-0.4748669654497216,-0.5546661333371993,False,True,0
715,2,1,1.7536859491188872,0,0,-0.3771449401344324,-0.5546661333371993,False,True,0
263,1,1,1.7536859491188872,1,1,0.9062388997205482,0.6348588273136619,False,True,0
611,3,0,0.7535961718058007,1,5,-0.02524937114193778,3.013908748615384,False,True,0
298,1,0,-2.0928131943929835,1,2,2.2907144899016902,1.2296213076390925,False,True,0
415,3,1,1.1382460861569879,0,0,-0.4748669654497216,-0.5546661333371993,False,True,1
151,2,1,1.6767559662486498,0,0,-0.3862913365925137,-0.5546661333371993,False,True,0
706,2,1,0.7535961718058007,0,0,-0.12682251075536644,-0.5546661333371993,False,True,0
790,1,1,1.2921060518974627,0,0,0.8975738925497343,-0.5546661333371993,False,False,0
551,1,1,-0.9388634513394225,0,2,1.5076539407609466,0.6348588273136619,False,False,1
489,3,1,0.061226325973663974,0,0,-0.4724600190133844,-0.5546661333371993,False,True,0
148,3,0,-1.5543033143013218,2,2,0.03444290047922413,1.824383787964523,False,True,0
147,3,1,-0.16956362263704827,0,0,-0.47735478528631975,-0.5546661333371993,False,True,1
837,3,1,-0.6311435198584728,0,0,-0.4606659814753323,-0.5546661333371993,False,True,0
827,3,1,-0.09263363976681087,0,0,0.46039154631064283,-0.5546661333371993,False,True,0
871,3,1,-0.2464936055072857,0,0,-0.47542922813724997,-0.5546661333371993,False,True,0
349,3,1,-2.015883211522746,1,1,-0.32130378281141003,0.6348588273136619,False,True,1
464,2,1,1.4459660176379374,0,0,-0.3771449401344324,-0.5546661333371993,False,True,0
326,1,0,0.5228062231950885,0,0,1.9842293351557068,-0.5546661333371993,False,False,1
187,3,0,-0.09263363976681087,1,0,-0.3290060114076889,0.04009634698823131,True,False,1
124,2,0,0.2535512831492575,0,0,-0.3771449401344324,-0.5546661333371993,False,True,1
760,1,0,0.29201627458437623,0,0,1.0381395644318252,-0.5546661333371993,False,True,1
609,2,0,-0.5542135369882354,1,2,0.1731638886125062,1.2296213076390925,False,False,1
144,3,1,-0.7850034855989476,0,0,-0.49749226195129104,-0.5546661333371993,True,False,0
852,3,1,3.446145572264111,0,0,-0.47775530117332626,-0.5546661333371993,False,True,0
198,3,1,0.984386120416513,0,1,-0.46563969559137947,0.04009634698823131,False,True,0
610,1,0,0.8305261546760382,0,0,2.3275407703776487,-0.5546661333371993,False,True,1
280,3,0,0.44587624032485107,1,1,-0.23754204682687638,0.6348588273136619,False,True,1
294,3,0,-0.40035357124776055,0,0,-0.4570555618208265,-0.5546661333371993,False,True,0
401,3,1,0.7535961718058007,0,0,-0.4748669654497216,-0.5546661333371993,False,True,1
123,2,1,0.2535512831492575,1,0,-0.04843693033103557,0.04009634698823131,False,False,0
184,2,1,-2.169743177263221,2,1,0.12349991862369952,1.2296213076390925,False,True,1
203,3,1,0.3689462574546136,0,0,-0.5023870282242263,-0.5546661333371993,False,True,0
439,1,1,2.6768457435617363,1,4,4.436747932539913,2.4191462682899534,False,True,0
247,3,0,-0.3234235883775231,0,0,-0.47775530117332626,-0.5546661333371993,False,True,0
416,3,0,-0.09263363976681087,0,0,-0.4724600190133844,-0.5546661333371993,False,True,0
789,3,1,-2.169743177263221,1,2,-0.23128398609239975,1.2296213076390925,False,True,1
130,3,1,1.2151760690272253,0,0,-0.4931597583658841,-0.5546661333371993,False,True,0
638,2,1,0.1381563088439014,1,1,-0.1220086178826921,0.6348588273136619,False,True,0
403,3,0,-0.6311435198584728,1,0,-0.4382813796173966,0.04009634698823131,False,True,0
795,3,1,-0.3234235883775231,0,0,-0.47542922813724997,-0.5546661333371993,False,True,0
690,1,0,-1.0927234170798972,0,1,3.4419569704017596,0.04009634698823131,False,True,1
811,3,1,-0.2464936055072857,0,0,-0.4755890493806228,-0.5546661333371993,False,True,0
220,2,1,0.061226325973663974,0,0,-0.42528386886117586,-0.5546661333371993,False,True,0
642,1,0,-0.40035357124776055,0,0,0.7069437347918301,-0.5546661333371993,False,False,1
813,2,1,0.44587624032485107,0,0,-0.42528386886117586,-0.5546661333371993,False,True,0
673,2,1,3.138425640783161,0,0,-0.42528386886117586,-0.5546661333371993,False,True,0
816,1,1,-0.09263363976681087,0,0,-0.6274673695134984,-0.5546661333371993,False,True,0
625,3,1,-0.6311435198584728,0,0,-0.3174526685132705,-0.5546661333371993,False,True,0
856,3,0,-0.8619334684691851,0,1,-0.44742777607547785,0.04009634698823131,False,True,1
681,3,0,-0.09263363976681087,0,0,-0.47077515650794843,-0.5546661333371993,True,False,0
387,3,1,-2.169743177263221,5,2,0.2756189334002088,3.6086712289408145,False,True,0
864,3,0,-0.09263363976681087,8,2,0.7117576276645045,5.392958669917107,False,True,0
510,3,1,-0.2464936055072857,0,0,0.46039154631064283,-0.5546661333371993,False,True,1
268,3,1,-0.3234235883775231,1,0,-0.47775530117332626,0.04009634698823131,False,True,1
733,2,1,-0.09263363976681087,0,0,-0.6274673695134984,-0.5546661333371993,False,True,0
442,3,1,-0.7080735027287102,0,0,-0.44453944035187326,-0.5546661333371993,False,True,0
497,1,0,1.907545914859362,1,0,0.8796026676774664,0.04009634698823131,False,False,1
113,3,1,-0.5542135369882354,0,0,-0.4724600190133844,-0.5546661333371993,False,True,0
233,2,1,2.292195829210549,0,0,-0.3675171543890837,-0.5546661333371993,False,True,0
775,2,0,1.907545914859362,1,3,-0.18458922522745858,1.824383787964523,False,True,1
608,1,1,-0.16956362263704827,0,0,-0.040172439047228226,-0.5546661333371993,False,True,1
672,1,1,0.1381563088439014,1,0,0.3738223480027655,0.04009634698823131,False,True,0
374,1,1,-0.5542135369882354,0,0,1.9842293351557068,-0.5546661333371993,False,False,0
873,1,1,0.29201627458437623,0,0,-0.5311895120600114,-0.5546661333371993,False,True,0
752,3,1,-1.785093262912034,0,1,-0.3872541151670485,0.04009634698823131,False,True,1
234,3,0,-1.8620232457822714,4,2,-0.02308311934923431,3.013908748615384,False,True,1
807,1,1,0.7535961718058007,0,0,-0.6274673695134984,-0.5546661333371993,False,True,0
677,3,1,-0.36188857981264183,0,0,-0.4724600190133844,-0.5546661333371993,False,True,0
318,2,1,1.907545914859362,0,0,-0.35788936864373505,-0.5546661333371993,False,True,0
649,3,1,-0.09263363976681087,0,0,-0.48208780475873314,-0.5546661333371993,False,True,0
411,3,1,-0.09263363976681087,0,0,-0.47542922813724997,-0.5546661333371993,False,True,0
799,3,1,0.061226325973663974,0,0,-0.4882649920929489,-0.5546661333371993,False,False,0
359,3,0,-0.09263363976681087,0,0,-0.47574887062399557,-0.5546661333371993,True,False,1
259,1,0,0.44587624032485107,0,0,9.2377241678583,-0.5546661333371993,False,False,1
628,1,0,-0.6311435198584728,0,0,0.8736642494297352,-0.5546661333371993,False,True,1
633,1,1,0.21508629171413882,0,0,-0.040172439047228226,-0.5546661333371993,False,False,1
283,3,1,-1.01579343420966,0,0,-0.44453944035187326,-0.5546661333371993,False,True,0
377,3,0,-0.5542135369882354,0,0,-0.48786447620594237,-0.5546661333371993,False,True,1
385,3,1,-0.09263363976681087,0,0,-0.47542922813724997,-0.5546661333371993,False,True,0
225,1,1,0.6766661889355633,1,0,1.105534064649266,0.04009634698823131,False,True,1
847,3,1,-0.09263363976681087,8,2,0.7117576276645045,5.392958669917107,False,True,0
729,2,1,-0.3234235883775231,1,0,-0.12682251075536644,0.04009634698823131,False,True,0
473,2,0,0.29201627458437623,1,2,-0.09312526064664603,1.2296213076390925,False,True,1
348,3,0,-0.09263363976681087,1,0,-0.3174526685132705,0.04009634698823131,False,True,1
506,1,1,-0.8619334684691851,1,0,1.4694643658234467,0.04009634698823131,False,False,0
640,3,1,-0.09263363976681087,1,0,-0.3174526685132705,0.04009634698823131,False,True,0
879,3,1,-0.09263363976681087,0,0,-0.47542922813724997,-0.5546661333371993,False,True,0
825,3,1,-2.0928131943929835,4,1,0.13673812402355398,2.4191462682899534,False,True,0
804,3,1,-2.2143625673279588,0,1,-0.463473443798676,0.04009634698823131,False,False,1
620,2,1,-0.2464936055072857,0,0,-0.42528386886117586,-0.5546661333371993,False,True,0
762,3,1,0.9074561375462755,0,0,-0.4902714226422795,-0.5546661333371993,False,True,0
646,1,1,1.4459660176379374,1,0,0.8499972265105193,0.04009634698823131,False,False,1
755,2,0,1.4459660176379374,1,2,0.6241447773818315,1.2296213076390925,False,True,1
557,1,0,1.4459660176379374,1,0,0.13505326151811797,0.04009634698823131,False,False,1
851,3,1,-1.9389532286525089,4,2,-0.02524937114193778,3.013908748615384,False,True,0
578,1,0,0.7535961718058007,1,0,0.44891907681648524,0.04009634698823131,False,True,1
86,3,0,0.29201627458437623,3,0,-0.32226656138594484,1.2296213076390925,False,True,1
243,2,1,-0.015703656896573447,0,0,-0.42528386886117586,-0.5546661333371993,False,True,0
699,1,1,1.5228960005081749,1,1,1.5076539407609466,0.6348588273136619,False,False,0
160,3,1,-0.09263363976681087,8,2,0.7117576276645045,5.392958669917107,False,True,0
525,3,1,-0.09263363976681087,0,0,-0.4882649920929489,-0.5546661333371993,False,False,0
36,1,1,0.984386120416513,1,0,0.3738223480027655,0.04009634698823131,False,True,0
541,1,0,0.5228062231950885,0,2,0.7396782063260158,0.6348588273136619,False,True,1
171,1,1,2.446055794951024,0,0,0.01759427542486392,-0.5546661333371993,False,True,0
655,3,0,-0.8619334684691851,0,0,-0.49749226195129104,-0.5546661333371993,True,False,0
787,3,0,-0.8619334684691851,0,0,-0.483131456733529,-0.5546661333371993,False,True,1
756,2,1,-2.195130071610399,1,1,-0.3482615828983863,0.6348588273136619,False,True,1
839,3,1,0.21508629171413882,0,0,0.46039154631064283,-0.5546661333371993,False,True,1
96,3,1,-0.09263363976681087,0,0,-0.4724600190133844,-0.5546661333371993,False,True,0
564,3,1,-0.09263363976681087,0,0,-0.4724600190133844,-0.5546661333371993,False,True,0
241,3,0,-0.09263363976681087,1,0,-0.34914348807266027,0.04009634698823131,False,False,0
575,3,1,-1.01579343420966,0,0,-0.4724600190133844,-0.5546661333371993,False,True,0
691,1,1,0.1381563088439014,1,0,0.4701002054562524,0.04009634698823131,False,True,1
461,1,1,1.4459660176379374,0,0,-0.11623194643548287,-0.5546661333371993,False,True,1
554,3,1,-0.5542135369882354,0,0,-0.48834586549320974,-0.5546661333371993,False,False,1
781,3,0,-1.246583382820372,0,0,-0.4882649920929489,-0.5546661333371993,False,False,1
207,3,1,0.21508629171413882,1,0,-0.32226656138594484,0.04009634698823131,False,True,0
393,3,1,-0.09263363976681087,2,0,-0.4748669654497216,0.6348588273136619,False,True,0
398,2,1,1.2921060518974627,0,0,-0.12682251075536644,-0.5546661333371993,False,True,0
757,3,1,-0.09263363976681087,0,0,-0.47735478528631975,-0.5546661333371993,False,True,0
218,2,1,0.984386120416513,1,0,-0.10756693926466906,0.04009634698823131,False,True,0
5,3,1,0.44587624032485107,0,0,-0.4724600190133844,-0.5546661333371993,False,True,0
643,3,0,-2.0928131943929835,3,2,-0.09023692492304144,2.4191462682899534,False,True,0
798,3,0,0.1381563088439014,0,0,-0.4602654655883258,-0.5546661333371993,False,True,1
613,3,0,-0.09263363976681087,1,0,-0.3290060114076889,0.04009634698823131,True,False,1
739,3,1,-0.09263363976681087,0,0,-0.47542922813724997,-0.5546661333371993,False,True,0
547,2,0,-0.7850034855989476,1,0,-0.12682251075536644,0.04009634698823131,False,True,1
726,3,1,-0.7080735027287102,0,0,-0.4606659814753323,-0.5546661333371993,False,True,0
684,3,1,-1.1696533999501346,5,2,0.2756189334002088,3.6086712289408145,False,True,0
99,2,0,0.3689462574546136,0,1,-0.18458922522745858,0.04009634698823131,False,True,1
728,3,0,-0.09263363976681087,0,0,-0.4784773851042274,-0.5546661333371993,True,False,1
574,3,0,-0.09263363976681087,0,0,-0.47823669046059364,-0.5546661333371993,True,False,1
407,3,1,1.6767559662486498,0,0,-0.47823669046059364,-0.5546661333371993,False,True,0
503,3,0,-0.09263363976681087,0,0,-0.4805627634966699,-0.5546661333371993,True,False,0
48,3,0,-0.09263363976681087,0,0,-0.47823669046059364,-0.5546661333371993,True,False,1
33,3,0,-0.09263363976681087,0,0,-0.47823669046059364,-0.5546661333371993,True,False,1
201,3,1,-0.09263363976681087,0,0,-0.44453944035187326,-0.5546661333371993,False,True,0
135,2,1,-0.3234235883775231,0,0,-0.3771449401344324,-0.5546661333371993,False,True,0
28,1,1,-0.7850034855989476,3,2,4.436747932539913,2.4191462682899534,False,True,0
848,3,1,0.44587624032485107,0,0,-0.47542922813724997,-0.5546661333371993,False,False,0
231,1,0,0.44587624032485107,1,0,0.9798914606724655,0.04009634698823131,False,True,1
490,3,1,-1.5543033143013218,1,1,-0.32130378281141003,0.6348588273136619,False,True,1
379,3,1,-0.7080735027287102,0,0,-0.5502043889070751,-0.5546661333371993,False,False,0
289,2,1,0.984386120416513,0,0,-0.3771449401344324,-0.5546661333371993,False,True,1
419,2,1,0.061226325973663974,0,0,-0.3771449401344324,-0.5546661333371993,False,True,0
675,2,1,-0.09263363976681087,0,0,-0.6274673695134984,-0.5546661333371993,False,True,0
392,3,1,-0.6311435198584728,0,0,-0.47735478528631975,-0.5546661333371993,False,True,1
593,3,1,1.3690360347677,0,0,-0.48786447620594237,-0.5546661333371993,False,True,0
499,1,0,-0.3234235883775231,1,2,2.2907144899016902,1.2296213076390925,False,True,0
139,3,1,-1.01579343420966,0,0,-0.4499945437551878,-0.5546661333371993,False,True,0
63,1,1,1.2151760690272253,1,0,0.9798914606724655,0.04009634698823131,False,True,0
472,3,1,0.6766661889355633,0,0,-0.4606659814753323,-0.5546661333371993,False,True,0
648,1,1,2.0614058805998368,0,0,0.056105418406258684,-0.5546661333371993,False,False,1
129,3,0,-0.09263363976681087,1,1,-0.1969455254530391,0.6348588273136619,False,False,1
868,1,1,0.1381563088439014,0,0,0.34485811736645855,-0.5546661333371993,False,True,0
521,1,0,0.061226325973663974,0,0,1.172928564866707,-0.5546661333371993,False,True,1
65,1,1,-0.09263363976681087,0,0,-0.09368752333417438,-0.5546661333371993,False,False,0
15,3,0,-1.1696533999501346,0,0,-0.476230259911263,-0.5546661333371993,False,True,0
157,3,0,-1.01579343420966,0,0,-0.4785582585044883,-0.5546661333371993,True,False,1
41,3,0,0.8305261546760382,1,0,-0.44502082963914064,0.04009634698823131,False,True,0
493,1,1,1.9844758977295993,0,0,-0.040172439047228226,-0.5546661333371993,False,True,0
380,3,1,-0.7850034855989476,0,0,-0.47775530117332626,-0.5546661333371993,False,True,0
188,1,1,1.2151760690272253,0,0,-0.11623194643548287,-0.5546661333371993,False,True,1
764,1,0,0.5228062231950885,1,2,1.6832012093701876,1.2296213076390925,False,True,1
217,3,0,-0.16956362263704827,0,0,-0.4748669654497216,-0.5546661333371993,False,True,1
53,1,0,1.5228960005081749,1,0,0.8499972265105193,0.04009634698823131,False,False,1
338,1,0,0.9074561375462755,0,0,1.9624069959852997,-0.5546661333371993,False,False,1
749,1,1,-0.7850034855989476,1,0,0.39500347664253266,0.04009634698823131,False,True,0
720,3,1,0.29201627458437623,0,0,-0.47775530117332626,-0.5546661333371993,False,True,0
725,1,1,-0.16956362263704827,1,0,0.39500347664253266,0.04009634698823131,False,True,1
296,1,1,-0.09263363976681087,0,0,-0.09368752333417438,-0.5546661333371993,False,False,0
702,1,1,0.44587624032485107,0,0,-0.12128653395179091,-0.5546661333371993,False,True,1
252,3,0,-0.015703656896573447,1,1,-0.42600595279207704,0.6348588273136619,False,True,0
727,2,0,0.061226325973663974,3,0,-0.22310036820885334,1.2296213076390925,False,True,1
462,3,1,0.3689462574546136,0,0,-0.4724600190133844,-0.5546661333371993,False,True,0
456,3,1,-0.015703656896573447,0,0,-0.47542922813724997,-0.5546661333371993,False,False,1
888,1,0,-0.7850034855989476,0,0,-0.04980022479257691,-0.5546661333371993,False,True,1
270,1,0,0.44587624032485107,0,0,1.9842293351557068,-0.5546661333371993,False,True,1
202,3,1,-0.09263363976681087,8,2,0.7117576276645045,5.392958669917107,False,True,0
162,2,0,0.8305261546760382,0,0,-0.3241921185350146,-0.5546661333371993,False,True,1
556,1,1,2.5229857778212614,0,0,-0.11623194643548287,-0.5546661333371993,False,True,0
730,3,0,-0.3234235883775231,1,0,-0.4748669654497216,0.04009634698823131,False,True,0
402,3,1,-0.2464936055072857,0,0,-0.4724600190133844,-0.5546661333371993,False,True,0
703,3,0,-0.8619334684691851,0,1,-0.34914348807266027,0.04009634698823131,False,False,0
477,2,1,0.3689462574546136,1,0,-0.22310036820885334,0.04009634698823131,False,True,0
772,3,1,1.4459660176379374,0,0,-0.476230259911263,-0.5546661333371993,False,True,0
106,3,1,-0.09263363976681087,0,0,-0.47542922813724997,-0.5546661333371993,False,True,0
566,3,1,-0.40035357124776055,2,0,-0.16244531801315662,0.6348588273136619,False,True,0
390,2,0,-0.9388634513394225,0,0,-0.3964005116251298,-0.5546661333371993,False,False,1
2,1,0,0.6766661889355633,1,0,0.7451333097293302,0.04009634698823131,False,False,1
833,3,1,-0.09263363976681087,0,0,-0.4882649920929489,-0.5546661333371993,False,False,0
562,3,1,0.8305261546760382,0,0,-0.47542922813724997,-0.5546661333371993,False,True,0
81,3,1,-0.5542135369882354,0,0,-0.45416722609722193,-0.5546661333371993,False,True,0
206,3,0,-2.0928131943929835,0,1,-0.42600595279207704,0.04009634698823131,False,True,0
35,1,1,-0.09263363976681087,1,0,0.9547783443342981,0.04009634698823131,False,False,0
776,3,1,-0.8619334684691851,0,0,-0.47823669046059364,-0.5546661333371993,False,True,0
509,3,1,-0.09263363976681087,0,0,-0.19373562168553987,-0.5546661333371993,False,True,0
428,2,0,-0.7850034855989476,0,0,-0.12682251075536644,-0.5546661333371993,False,True,1
455,3,1,-0.09263363976681087,0,0,-0.4724600190133844,-0.5546661333371993,False,True,0
367,1,0,2.3691258120807865,1,0,0.8215143851614796,0.04009634698823131,False,False,1
92,3,1,-0.7080735027287102,0,0,-0.476230259911263,-0.5546661333371993,False,True,0
340,1,1,1.2151760690272253,0,0,0.056105418406258684,-0.5546661333371993,False,True,0
565,3,0,-0.09263363976681087,0,0,-0.4724600190133844,-0.5546661333371993,False,True,0
346,2,0,-0.40035357124776055,0,0,-0.3771449401344324,-0.5546661333371993,False,True,1
777,3,1,-0.09263363976681087,0,0,-0.47823669046059364,-0.5546661333371993,True,False,0
242,3,0,-0.09263363976681087,1,0,-0.3290060114076889,0.04009634698823131,True,False,1
14,3,1,0.7535961718058007,1,5,-0.02524937114193778,3.013908748615384,False,True,0
316,3,0,-0.2464936055072857,0,0,-0.476230259911263,-0.5546661333371993,False,True,1
601,2,0,-0.40035357124776055,2,1,-0.10756693926466906,1.2296213076390925,False,True,1
388,2,0,0.5228062231950885,0,0,-0.3771449401344324,-0.5546661333371993,False,True,1
274,1,1,0.5997362060653258,0,1,-0.05557689623978614,0.04009634698823131,False,False,0
167,1,0,-0.09263363976681087,0,1,0.4315890624748576,0.04009634698823131,False,True,1
884,2,1,-0.09263363976681087,0,0,-0.42528386886117586,-0.5546661333371993,False,True,0
647,3,1,-0.7850034855989476,0,0,-0.47542922813724997,-0.5546661333371993,False,True,0
819,3,1,1.0613161032867504,0,0,-0.5032689333985003,-0.5546661333371993,False,True,0
485,1,1,-0.3234235883775231,1,0,1.1263146774020265,0.04009634698823131,False,False,1
874,3,1,1.3690360347677,0,0,-0.45416722609722193,-0.5546661333371993,False,True,0
505,1,0,-1.01579343420966,0,0,1.0381395644318252,-0.5546661333371993,False,True,1
832,2,1,-2.1828212743511615,1,1,-0.2664254040629225,0.6348588273136619,False,True,1
244,3,1,-0.5542135369882354,0,0,-0.4902714226422795,-0.5546661333371993,False,True,0
567,3,1,-0.7850034855989476,0,0,-0.47542922813724997,-0.5546661333371993,False,True,0
563,2,1,-0.09263363976681087,0,0,-0.3675171543890837,-0.5546661333371993,False,True,0
687,3,1,-1.1696533999501346,4,1,0.13673812402355398,2.4191462682899534,False,True,0
190,3,1,0.5228062231950885,0,0,-0.47542922813724997,-0.5546661333371993,False,True,0
783,1,1,-0.015703656896573447,0,0,-0.04980022479257691,-0.5546661333371993,False,True,0
700,3,1,0.984386120416513,0,0,-0.4801622476096634,-0.5546661333371993,False,True,0
476,1,1,-0.09263363976681087,0,0,0.3738223480027655,-0.5546661333371993,False,True,0
682,1,1,-0.16956362263704827,0,0,0.8499972265105193,-0.5546661333371993,False,False,1
511,3,1,-0.015703656896573447,0,0,-0.47823669046059364,-0.5546661333371993,True,False,1
59,2,0,-1.8620232457822714,1,2,-0.09312526064664603,1.2296213076390925,False,True,1
475,3,0,-0.5542135369882354,0,0,-0.4380406849737629,-0.5546661333371993,False,True,0
561,3,1,-0.09263363976681087,0,0,-0.47823669046059364,-0.5546661333371993,True,False,0
748,2,0,0.061226325973663974,0,0,-0.3771449401344324,-0.5546661333371993,False,True,1
253,1,1,2.5229857778212614,0,0,-0.11623194643548287,-0.5546661333371993,False,True,0
22,2,1,0.3689462574546136,0,0,-0.3771449401344324,-0.5546661333371993,False,True,1
314,3,1,-0.09263363976681087,0,0,-0.47542922813724997,-0.5546661333371993,False,True,0
460,3,1,-0.09263363976681087,0,0,-0.47823669046059364,-0.5546661333371993,True,False,0
161,3,1,1.1382460861569879,0,1,-0.3174526685132705,0.04009634698823131,False,True,0
277,3,0,1.2151760690272253,0,0,-0.47823669046059364,-0.5546661333371993,False,True,0
192,2,1,-0.7850034855989476,0,0,-0.3771449401344324,-0.5546661333371993,False,True,0
386,2,1,-0.8619334684691851,0,0,0.7878171350527592,-0.5546661333371993,False,True,0
806,3,1,0.1381563088439014,0,0,-0.47775530117332626,-0.5546661333371993,False,True,0
414,2,1,-0.09263363976681087,0,0,-0.6274673695134984,-0.5546661333371993,False,True,0
492,3,1,-0.6311435198584728,0,0,-0.48786447620594237,-0.5546661333371993,False,True,0
344,2,1,-0.3234235883775231,0,0,-0.3771449401344324,-0.5546661333371993,False,True,0
770,3,1,0.21508629171413882,0,0,-0.4664426529225415,-0.5546661333371993,False,True,0
309,2,1,0.061226325973663974,1,0,-0.1653336537367612,0.04009634698823131,False,False,0
662,3,1,0.8305261546760382,0,0,-0.48834586549320974,-0.5546661333371993,False,False,0
131,3,1,0.29201627458437623,0,0,-0.47542922813724997,-0.5546661333371993,False,False,0
664,3,1,0.5228062231950885,0,0,-0.483131456733529,-0.5546661333371993,False,True,0
872,1,0,1.3690360347677,1,1,0.38449378572291,0.6348588273136619,False,True,1
100,2,1,0.3689462574546136,1,0,-0.12682251075536644,0.04009634698823131,False,True,0
373,3,1,-0.7850034855989476,0,0,-0.4724600190133844,-0.5546661333371993,False,True,0
88,3,1,-0.09263363976681087,0,0,-0.4724600190133844,-0.5546661333371993,False,True,0
459,2,0,1.5998259833784123,0,0,-0.42528386886117586,-0.5546661333371993,False,True,1
331,3,0,-0.09263363976681087,2,0,-0.17977533235478424,0.6348588273136619,True,False,1
215,3,1,-0.09263363976681087,1,0,-0.47823669046059364,0.04009634698823131,True,False,0
467,2,1,-0.09263363976681087,0,0,-0.6274673695134984,-0.5546661333371993,False,True,0
122,3,1,-0.09263363976681087,0,0,-0.4724600190133844,-0.5546661333371993,False,True,0
615,3,1,0.44587624032485107,0,0,-0.4724600190133844,-0.5546661333371993,False,True,0
21,2,1,0.44587624032485107,0,0,-0.12682251075536644,-0.5546661333371993,False,True,0
701,1,0,-0.8619334684691851,1,0,3.7536565339074235,0.04009634698823131,False,False,1
72,3,0,-1.01579343420966,5,2,0.2756189334002088,3.6086712289408145,False,True,0
107,3,0,-0.6311435198584728,0,0,-0.4801622476096634,-0.5546661333371993,False,True,1
271,1,1,-0.09263363976681087,0,0,-0.030544653301879533,-0.5546661333371993,False,True,0
861,3,1,0.9074561375462755,2,0,-0.3558039902512925,0.6348588273136619,False,True,0
436,1,0,-1.1696533999501346,1,2,1.6832012093701876,1.2296213076390925,False,True,1
103,1,1,-0.6311435198584728,0,1,0.8607476120737754,0.04009634698823131,False,True,0
